{
  "model": "flan-t5-large",
  "inject_facts": false,
  "sample_size": 200,
  "seeds": [
    105,
    2266,
    86379
  ],
  "mean_accuracy": 0.6337604690117252,
  "per_seed": [
    {
      "seed": 105,
      "accuracy": 0.645,
      "correct": 129,
      "total": 200,
      "sample_size": 200
    },
    {
      "seed": 2266,
      "accuracy": 0.6080402010050251,
      "correct": 121,
      "total": 199,
      "sample_size": 200
    },
    {
      "seed": 86379,
      "accuracy": 0.6482412060301508,
      "correct": 129,
      "total": 199,
      "sample_size": 200
    }
  ]
}